Post,Date,Time (SAST),Networks,Caption,Image file,Image URL
01-monday-energy,2026-10-12,08:30,"LinkedIn, Facebook, Instagram","Is your team starting the week with energy, or already counting down to Friday?

Engagement is not about free coffee or one big event a year. It comes from people feeling that they are learning, growing and appreciated every week.

Lumina helps companies build that feeling with short courses, team challenges, rewards and wellbeing support, all in one programme.

How is your team feeling this Monday?

#EmployeeEngagement #StaffRetention #SouthAfrica #LuminaExperiences #MondayMotivation",Lumina-01-monday-energy.png,https://raw.githubusercontent.com/leonmabiza128/kumo-restaurant-site/a1b4a938947443db4c7b822f76b165405e6a8625/lumina-gtm/social/posts-series2/Lumina-01-monday-energy.png
02-burnout-signs,2026-10-14,08:30,"LinkedIn, Facebook, Instagram","Burnout rarely arrives overnight. Watch for these four signs in your team:

1. People are always tired.
2. Deadlines start slipping.
3. Usually chatty people go quiet in meetings.
4. Sick days increase.

If you notice two or more, it is time to check in. Lumina programmes include weekly wellbeing check-ins so managers can spot problems early.

Save this post for your next team meeting.

#EmployeeEngagement #StaffRetention #SouthAfrica #LuminaExperiences #Wellbeing #Burnout",Lumina-02-burnout-signs.png,https://raw.githubusercontent.com/leonmabiza128/kumo-restaurant-site/a1b4a938947443db4c7b822f76b165405e6a8625/lumina-gtm/social/posts-series2/Lumina-02-burnout-signs.png
03-five-minute-lessons,2026-10-16,08:30,"LinkedIn, Facebook, Instagram","Your staff do not need another full-day workshop.

Lumina lessons take five minutes and work on any phone. Each one ends with a short quiz, and teams earn points for every lesson they finish.

Topics include induction, customer service, wellbeing, AI and anything specific to your company. You can also add your own courses.

#EmployeeEngagement #StaffRetention #SouthAfrica #LuminaExperiences #Learning #Upskilling",Lumina-03-five-minute-lessons.png,https://raw.githubusercontent.com/leonmabiza128/kumo-restaurant-site/a1b4a938947443db4c7b822f76b165405e6a8625/lumina-gtm/social/posts-series2/Lumina-03-five-minute-lessons.png
04-team-challenges,2026-10-19,08:30,"LinkedIn, Facebook, Instagram","Teams that play together, stay together.

Every week, Lumina teams compete in quizzes, puzzles and challenges based on what they are learning. A live leaderboard keeps things exciting, and the winners earn real prizes.

Friendly competition turns training from a task into something people talk about at lunch.

#EmployeeEngagement #StaffRetention #SouthAfrica #LuminaExperiences #TeamBuilding #Gamification",Lumina-04-team-challenges.png,https://raw.githubusercontent.com/leonmabiza128/kumo-restaurant-site/a1b4a938947443db4c7b822f76b165405e6a8625/lumina-gtm/social/posts-series2/Lumina-04-team-challenges.png
05-rewards-poll,2026-10-21,08:30,"LinkedIn, Facebook, Instagram","Quick poll for HR and team leaders.

Which reward would motivate your team most?

A. Takealot voucher
B. Fuel card
C. Gadgets
D. A day off

Comment with your letter. We will share the results next week.

Lumina programmes let you choose rewards that suit your people and your budget.

#EmployeeEngagement #StaffRetention #SouthAfrica #LuminaExperiences #Rewards #HR",Lumina-05-rewards-poll.png,https://raw.githubusercontent.com/leonmabiza128/kumo-restaurant-site/a1b4a938947443db4c7b822f76b165405e6a8625/lumina-gtm/social/posts-series2/Lumina-05-rewards-poll.png
06-onboarding,2026-10-23,08:30,"LinkedIn, Facebook, Instagram","The first 90 days decide whether a new hire stays.

A confusing first week leaves people wondering if they made the right choice. A clear, friendly induction helps them settle in, meet their team and start contributing faster.

Lumina turns induction into short lessons, team activities and a welcome buddy, so new staff feel at home from day one.

#EmployeeEngagement #StaffRetention #SouthAfrica #LuminaExperiences #Onboarding #Induction",Lumina-06-onboarding.png,https://raw.githubusercontent.com/leonmabiza128/kumo-restaurant-site/a1b4a938947443db4c7b822f76b165405e6a8625/lumina-gtm/social/posts-series2/Lumina-06-onboarding.png
07-recognition,2026-10-26,08:30,"LinkedIn, Facebook, Instagram","A simple thank you goes a long way.

People who feel valued are more likely to stay, help each other and go the extra mile. Recognition does not have to be expensive. It has to be regular and sincere.

Lumina builds recognition into every programme with weekly winners, certificates and an awards day to celebrate your top performers.

Who on your team deserves a thank you this week? Tag them below.

#EmployeeEngagement #StaffRetention #SouthAfrica #LuminaExperiences #Recognition #PeopleFirst",Lumina-07-recognition.png,https://raw.githubusercontent.com/leonmabiza128/kumo-restaurant-site/a1b4a938947443db4c7b822f76b165405e6a8625/lumina-gtm/social/posts-series2/Lumina-07-recognition.png
08-ai-skills,2026-10-28,08:30,"LinkedIn, Facebook, Instagram","AI is changing how almost every job is done. Many employees feel unsure about what that means for them.

The answer is not to ignore it. Give your team the skills to use AI with confidence.

Lumina offers short AI and new-skills courses from certified specialists, designed for everyday staff, not just tech teams.

#EmployeeEngagement #StaffRetention #SouthAfrica #LuminaExperiences #AI #FutureOfWork #Upskilling",Lumina-08-ai-skills.png,https://raw.githubusercontent.com/leonmabiza128/kumo-restaurant-site/a1b4a938947443db4c7b822f76b165405e6a8625/lumina-gtm/social/posts-series2/Lumina-08-ai-skills.png
09-store-leaderboard,2026-10-30,08:30,"LinkedIn, Facebook, Instagram","Retail managers, which of your stores would win?

With Lumina, staff learn on their phones in five minutes a day, and stores compete on a weekly leaderboard. The winning stores earn prizes such as vouchers, fuel cards and gadgets.

It is an easy way to lift product knowledge and service across every branch.

#EmployeeEngagement #StaffRetention #SouthAfrica #LuminaExperiences #Retail #RetailTraining",Lumina-09-store-leaderboard.png,https://raw.githubusercontent.com/leonmabiza128/kumo-restaurant-site/a1b4a938947443db4c7b822f76b165405e6a8625/lumina-gtm/social/posts-series2/Lumina-09-store-leaderboard.png
10-wellbeing-checkin,2026-11-02,08:30,"LinkedIn, Facebook, Instagram","How is your team really feeling?

Most people will not tell their manager they are struggling until it is too late. A 30-second weekly check-in gives you an early warning and shows staff that you care.

Lumina includes private wellbeing check-ins and short reset routines, with a simple dashboard for managers.

Want to see how it works? Send us a message or visit lumina-advance.co.za.

#EmployeeEngagement #StaffRetention #SouthAfrica #LuminaExperiences #Wellbeing #MentalHealthAtWork",Lumina-10-wellbeing-checkin.png,https://raw.githubusercontent.com/leonmabiza128/kumo-restaurant-site/a1b4a938947443db4c7b822f76b165405e6a8625/lumina-gtm/social/posts-series2/Lumina-10-wellbeing-checkin.png
